{"timestamp": 1701986668.4459188, "emotion_data": {"angry": 0.2586035989224911, "disgust": 9.282165791546504e-06, "fear": 0.5255467258393764, "happy": 3.0977548703958746e-05, "sad": 8.728522062301636, "surprise": 0.000718980300007388, "neutral": 90.48656821250916}}