{"timestamp": 1701643694.686779, "emotion_data": {"angry": 5.822470630735834e-08, "disgust": 4.9639913552398537e-14, "fear": 3.2807417593799595e-10, "happy": 99.98622536577138, "sad": 7.103596001835529e-06, "surprise": 7.220619389900265e-11, "neutral": 0.013771042815732527}}