{"timestamp": 1700103334.6659803, "emotion_data": {"angry": 0.03423320304136723, "disgust": 1.740230320956826e-08, "fear": 0.008872780745150521, "happy": 0.19043829524889588, "sad": 0.029609433840960264, "surprise": 0.43792915530502796, "neutral": 99.2989182472229}}