{"timestamp": 1700027820.4261572, "emotion_data": {"angry": 20.953305065631866, "disgust": 6.514585763216019, "fear": 22.518718242645264, "happy": 0.11193333193659782, "sad": 15.820673108100891, "surprise": 0.0049116679292637855, "neutral": 34.0758740901947}}