{"timestamp": 1700101281.3804731, "emotion_data": {"angry": 4.757458166177054, "disgust": 0.00018103373688832468, "fear": 2.4602289450441535, "happy": 0.0006145993943907996, "sad": 76.51225048449642, "surprise": 0.0006757093056572286, "neutral": 16.268596502375186}}